{
  "project_info": {
    "project_number": "594893004338",
    "project_id": "petcare-ca3c6",
    "storage_bucket": "petcare-ca3c6.appspot.com"
  },
  "client": [
    {
      "client_info": {
        "mobilesdk_app_id": "1:594893004338:android:1dc30f49cb496503fb662b",
        "android_client_info": {
          "package_name": "com.example.petcare"
        }
      },
      "oauth_client": [
        {
          "client_id": "594893004338-tb7sg23tn39eul9520kimlitmidqbbae.apps.googleusercontent.com",
          "client_type": 3
        }
      ],
      "api_key": [
        {
          "current_key": "AIzaSyBiC0eoEErGsTYiXR7urK1P2WuYByARULI"
        }
      ],
      "services": {
        "appinvite_service": {
          "other_platform_oauth_client": [
            {
              "client_id": "594893004338-tb7sg23tn39eul9520kimlitmidqbbae.apps.googleusercontent.com",
              "client_type": 3
            }
          ]
        }
      }
    }
  ],
  "configuration_version": "1"
}